{
  "01-01": {
    "global": [],
    "iranian": []
  },
  "01-02": {
    "global": [],
    "iranian": []
  },
  "01-03": {
    "global": [],
    "iranian": []
  },
  "01-04": {
    "global": [],
    "iranian": []
  },
  "01-05": {
    "global": [],
    "iranian": []
  },
  "01-06": {
    "global": [],
    "iranian": []
  },
  "01-07": {
    "global": [],
    "iranian": []
  },
  "01-08": {
    "global": [],
    "iranian": []
  },
  "01-09": {
    "global": [],
    "iranian": []
  },
  "01-10": {
    "global": [],
    "iranian": []
  },
  "01-11": {
    "global": [],
    "iranian": []
  },
  "01-12": {
    "global": [],
    "iranian": []
  },
  "01-13": {
    "global": [],
    "iranian": []
  },
  "01-14": {
    "global": [],
    "iranian": []
  },
  "01-15": {
    "global": [],
    "iranian": []
  },
  "01-16": {
    "global": [],
    "iranian": []
  },
  "01-17": {
    "global": [],
    "iranian": []
  },
  "01-18": {
    "global": [],
    "iranian": []
  },
  "01-19": {
    "global": [],
    "iranian": []
  },
  "01-20": {
    "global": [],
    "iranian": []
  },
  "01-21": {
    "global": [],
    "iranian": []
  },
  "01-22": {
    "global": [],
    "iranian": []
  },
  "01-23": {
    "global": [],
    "iranian": []
  },
  "01-24": {
    "global": [],
    "iranian": []
  },
  "01-25": {
    "global": [],
    "iranian": []
  },
  "01-26": {
    "global": [],
    "iranian": []
  },
  "01-27": {
    "global": [],
    "iranian": []
  },
  "01-28": {
    "global": [],
    "iranian": []
  },
  "01-29": {
    "global": [],
    "iranian": []
  },
  "01-30": {
    "global": [],
    "iranian": []
  },
  "01-31": {
    "global": [],
    "iranian": []
  },
  "02-01": {
    "global": [],
    "iranian": []
  },
  "02-02": {
    "global": [],
    "iranian": []
  },
  "02-03": {
    "global": [],
    "iranian": []
  },
  "02-04": {
    "global": [
      {
        "name": "Alice Cooper",
        "link": "https://en.wikipedia.org/wiki/Alice_Cooper"
      },
      {
        "name": "Charles Lindbergh",
        "link": "https://en.wikipedia.org/wiki/Charles_Lindbergh"
      },
      {
        "name": "Rosa Parks",
        "link": "https://en.wikipedia.org/wiki/Rosa_Parks"
      }
    ],
    "iranian": [
      {
        "name": "فرهاد آئیش",
        "link": "https://fa.wikipedia.org/wiki/فرهاد_آئیش"
      }
    ]
  },
  "02-05": {
    "global": [],
    "iranian": []
  },
  "02-06": {
    "global": [],
    "iranian": []
  },
  "02-07": {
    "global": [],
    "iranian": []
  },
  "02-08": {
    "global": [],
    "iranian": []
  },
  "02-09": {
    "global": [],
    "iranian": []
  },
  "02-10": {
    "global": [],
    "iranian": []
  },
  "02-11": {
    "global": [],
    "iranian": []
  },
  "02-12": {
    "global": [],
    "iranian": []
  },
  "02-13": {
    "global": [],
    "iranian": []
  },
  "02-14": {
    "global": [],
    "iranian": []
  },
  "02-15": {
    "global": [],
    "iranian": []
  },
  "02-16": {
    "global": [],
    "iranian": []
  },
  "02-17": {
    "global": [],
    "iranian": []
  },
  "02-18": {
    "global": [],
    "iranian": []
  },
  "02-19": {
    "global": [],
    "iranian": []
  },
  "02-20": {
    "global": [],
    "iranian": []
  },
  "02-21": {
    "global": [],
    "iranian": []
  },
  "02-22": {
    "global": [],
    "iranian": []
  },
  "02-23": {
    "global": [],
    "iranian": []
  },
  "02-24": {
    "global": [],
    "iranian": []
  },
  "02-25": {
    "global": [],
    "iranian": []
  },
  "02-26": {
    "global": [],
    "iranian": []
  },
  "02-27": {
    "global": [],
    "iranian": []
  },
  "02-28": {
    "global": [],
    "iranian": []
  },
  "03-01": {
    "global": [],
    "iranian": []
  },
  "03-02": {
    "global": [],
    "iranian": []
  },
  "03-03": {
    "global": [],
    "iranian": []
  },
  "03-04": {
    "global": [],
    "iranian": []
  },
  "03-05": {
    "global": [],
    "iranian": []
  },
  "03-06": {
    "global": [],
    "iranian": []
  },
  "03-07": {
    "global": [],
    "iranian": []
  },
  "03-08": {
    "global": [],
    "iranian": []
  },
  "03-09": {
    "global": [],
    "iranian": []
  },
  "03-10": {
    "global": [],
    "iranian": []
  },
  "03-11": {
    "global": [],
    "iranian": []
  },
  "03-12": {
    "global": [],
    "iranian": []
  },
  "03-13": {
    "global": [],
    "iranian": []
  },
  "03-14": {
    "global": [],
    "iranian": []
  },
  "03-15": {
    "global": [],
    "iranian": []
  },
  "03-16": {
    "global": [],
    "iranian": []
  },
  "03-17": {
    "global": [],
    "iranian": []
  },
  "03-18": {
    "global": [],
    "iranian": []
  },
  "03-19": {
    "global": [],
    "iranian": []
  },
  "03-20": {
    "global": [],
    "iranian": []
  },
  "03-21": {
    "global": [],
    "iranian": []
  },
  "03-22": {
    "global": [],
    "iranian": []
  },
  "03-23": {
    "global": [],
    "iranian": []
  },
  "03-24": {
    "global": [],
    "iranian": []
  },
  "03-25": {
    "global": [],
    "iranian": []
  },
  "03-26": {
    "global": [],
    "iranian": []
  },
  "03-27": {
    "global": [],
    "iranian": []
  },
  "03-28": {
    "global": [],
    "iranian": []
  },
  "03-29": {
    "global": [],
    "iranian": []
  },
  "03-30": {
    "global": [],
    "iranian": []
  },
  "03-31": {
    "global": [],
    "iranian": []
  },
  "04-01": {
    "global": [],
    "iranian": []
  },
  "04-02": {
    "global": [],
    "iranian": []
  },
  "04-03": {
    "global": [],
    "iranian": []
  },
  "04-04": {
    "global": [],
    "iranian": []
  },
  "04-05": {
    "global": [],
    "iranian": []
  },
  "04-06": {
    "global": [],
    "iranian": []
  },
  "04-07": {
    "global": [],
    "iranian": []
  },
  "04-08": {
    "global": [],
    "iranian": []
  },
  "04-09": {
    "global": [],
    "iranian": []
  },
  "04-10": {
    "global": [],
    "iranian": []
  },
  "04-11": {
    "global": [],
    "iranian": []
  },
  "04-12": {
    "global": [],
    "iranian": []
  },
  "04-13": {
    "global": [],
    "iranian": []
  },
  "04-14": {
    "global": [],
    "iranian": []
  },
  "04-15": {
    "global": [],
    "iranian": []
  },
  "04-16": {
    "global": [],
    "iranian": []
  },
  "04-17": {
    "global": [],
    "iranian": []
  },
  "04-18": {
    "global": [],
    "iranian": []
  },
  "04-19": {
    "global": [],
    "iranian": []
  },
  "04-20": {
    "global": [],
    "iranian": []
  },
  "04-21": {
    "global": [],
    "iranian": []
  },
  "04-22": {
    "global": [],
    "iranian": []
  },
  "04-23": {
    "global": [],
    "iranian": []
  },
  "04-24": {
    "global": [],
    "iranian": []
  },
  "04-25": {
    "global": [],
    "iranian": []
  },
  "04-26": {
    "global": [],
    "iranian": []
  },
  "04-27": {
    "global": [],
    "iranian": []
  },
  "04-28": {
    "global": [],
    "iranian": []
  },
  "04-29": {
    "global": [],
    "iranian": []
  },
  "04-30": {
    "global": [],
    "iranian": []
  },
  "05-01": {
    "global": [],
    "iranian": []
  },
  "05-02": {
    "global": [],
    "iranian": []
  },
  "05-03": {
    "global": [],
    "iranian": []
  },
  "05-04": {
    "global": [],
    "iranian": []
  },
  "05-05": {
    "global": [],
    "iranian": []
  },
  "05-06": {
    "global": [],
    "iranian": []
  },
  "05-07": {
    "global": [],
    "iranian": []
  },
  "05-08": {
    "global": [],
    "iranian": []
  },
  "05-09": {
    "global": [],
    "iranian": []
  },
  "05-10": {
    "global": [],
    "iranian": []
  },
  "05-11": {
    "global": [],
    "iranian": []
  },
  "05-12": {
    "global": [],
    "iranian": []
  },
  "05-13": {
    "global": [],
    "iranian": []
  },
  "05-14": {
    "global": [],
    "iranian": []
  },
  "05-15": {
    "global": [],
    "iranian": []
  },
  "05-16": {
    "global": [],
    "iranian": []
  },
  "05-17": {
    "global": [],
    "iranian": []
  },
  "05-18": {
    "global": [],
    "iranian": []
  },
  "05-19": {
    "global": [],
    "iranian": []
  },
  "05-20": {
    "global": [],
    "iranian": []
  },
  "05-21": {
    "global": [],
    "iranian": []
  },
  "05-22": {
    "global": [],
    "iranian": []
  },
  "05-23": {
    "global": [],
    "iranian": []
  },
  "05-24": {
    "global": [],
    "iranian": []
  },
  "05-25": {
    "global": [],
    "iranian": []
  },
  "05-26": {
    "global": [],
    "iranian": []
  },
  "05-27": {
    "global": [],
    "iranian": []
  },
  "05-28": {
    "global": [],
    "iranian": []
  },
  "05-29": {
    "global": [],
    "iranian": []
  },
  "05-30": {
    "global": [],
    "iranian": []
  },
  "05-31": {
    "global": [],
    "iranian": []
  },
  "06-01": {
    "global": [],
    "iranian": []
  },
  "06-02": {
    "global": [],
    "iranian": []
  },
  "06-03": {
    "global": [],
    "iranian": []
  },
  "06-04": {
    "global": [],
    "iranian": []
  },
  "06-05": {
    "global": [],
    "iranian": []
  },
  "06-06": {
    "global": [],
    "iranian": []
  },
  "06-07": {
    "global": [],
    "iranian": []
  },
  "06-08": {
    "global": [],
    "iranian": []
  },
  "06-09": {
    "global": [],
    "iranian": []
  },
  "06-10": {
    "global": [],
    "iranian": []
  },
  "06-11": {
    "global": [],
    "iranian": []
  },
  "06-12": {
    "global": [],
    "iranian": []
  },
  "06-13": {
    "global": [],
    "iranian": []
  },
  "06-14": {
    "global": [],
    "iranian": []
  },
  "06-15": {
    "global": [],
    "iranian": []
  },
  "06-16": {
    "global": [],
    "iranian": []
  },
  "06-17": {
    "global": [],
    "iranian": []
  },
  "06-18": {
    "global": [],
    "iranian": []
  },
  "06-19": {
    "global": [],
    "iranian": []
  },
  "06-20": {
    "global": [],
    "iranian": []
  },
  "06-21": {
    "global": [],
    "iranian": []
  },
  "06-22": {
    "global": [],
    "iranian": []
  },
  "06-23": {
    "global": [],
    "iranian": []
  },
  "06-24": {
    "global": [],
    "iranian": []
  },
  "06-25": {
    "global": [],
    "iranian": []
  },
  "06-26": {
    "global": [],
    "iranian": []
  },
  "06-27": {
    "global": [],
    "iranian": []
  },
  "06-28": {
    "global": [],
    "iranian": []
  },
  "06-29": {
    "global": [],
    "iranian": []
  },
  "06-30": {
    "global": [],
    "iranian": []
  },
  "07-01": {
    "global": [],
    "iranian": []
  },
  "07-02": {
    "global": [],
    "iranian": []
  },
  "07-03": {
    "global": [],
    "iranian": []
  },
  "07-04": {
    "global": [],
    "iranian": []
  },
  "07-05": {
    "global": [],
    "iranian": []
  },
  "07-06": {
    "global": [],
    "iranian": []
  },
  "07-07": {
    "global": [],
    "iranian": []
  },
  "07-08": {
    "global": [],
    "iranian": []
  },
  "07-09": {
    "global": [],
    "iranian": []
  },
  "07-10": {
    "global": [],
    "iranian": []
  },
  "07-11": {
    "global": [],
    "iranian": []
  },
  "07-12": {
    "global": [],
    "iranian": []
  },
  "07-13": {
    "global": [],
    "iranian": []
  },
  "07-14": {
    "global": [],
    "iranian": []
  },
  "07-15": {
    "global": [],
    "iranian": []
  },
  "07-16": {
    "global": [],
    "iranian": []
  },
  "07-17": {
    "global": [],
    "iranian": []
  },
  "07-18": {
    "global": [],
    "iranian": []
  },
  "07-19": {
    "global": [],
    "iranian": []
  },
  "07-20": {
    "global": [],
    "iranian": []
  },
  "07-21": {
    "global": [],
    "iranian": []
  },
  "07-22": {
    "global": [],
    "iranian": []
  },
  "07-23": {
    "global": [],
    "iranian": []
  },
  "07-24": {
    "global": [],
    "iranian": []
  },
  "07-25": {
    "global": [],
    "iranian": []
  },
  "07-26": {
    "global": [],
    "iranian": []
  },
  "07-27": {
    "global": [],
    "iranian": []
  },
  "07-28": {
    "global": [],
    "iranian": []
  },
  "07-29": {
    "global": [],
    "iranian": []
  },
  "07-30": {
    "global": [],
    "iranian": []
  },
  "07-31": {
    "global": [],
    "iranian": []
  },
  "08-01": {
    "global": [],
    "iranian": []
  },
  "08-02": {
    "global": [],
    "iranian": []
  },
  "08-03": {
    "global": [],
    "iranian": []
  },
  "08-04": {
    "global": [],
    "iranian": []
  },
  "08-05": {
    "global": [],
    "iranian": []
  },
  "08-06": {
    "global": [],
    "iranian": []
  },
  "08-07": {
    "global": [],
    "iranian": []
  },
  "08-08": {
    "global": [],
    "iranian": []
  },
  "08-09": {
    "global": [],
    "iranian": []
  },
  "08-10": {
    "global": [],
    "iranian": []
  },
  "08-11": {
    "global": [],
    "iranian": []
  },
  "08-12": {
    "global": [],
    "iranian": []
  },
  "08-13": {
    "global": [],
    "iranian": []
  },
  "08-14": {
    "global": [],
    "iranian": []
  },
  "08-15": {
    "global": [],
    "iranian": []
  },
  "08-16": {
    "global": [],
    "iranian": []
  },
  "08-17": {
    "global": [],
    "iranian": []
  },
  "08-18": {
    "global": [],
    "iranian": []
  },
  "08-19": {
    "global": [],
    "iranian": []
  },
  "08-20": {
    "global": [],
    "iranian": []
  },
  "08-21": {
    "global": [],
    "iranian": []
  },
  "08-22": {
    "global": [],
    "iranian": []
  },
  "08-23": {
    "global": [],
    "iranian": []
  },
  "08-24": {
    "global": [],
    "iranian": []
  },
  "08-25": {
    "global": [],
    "iranian": []
  },
  "08-26": {
    "global": [],
    "iranian": []
  },
  "08-27": {
    "global": [],
    "iranian": []
  },
  "08-28": {
    "global": [],
    "iranian": []
  },
  "08-29": {
    "global": [],
    "iranian": []
  },
  "08-30": {
    "global": [],
    "iranian": []
  },
  "08-31": {
    "global": [],
    "iranian": []
  },
  "09-01": {
    "global": [],
    "iranian": []
  },
  "09-02": {
    "global": [],
    "iranian": []
  },
  "09-03": {
    "global": [],
    "iranian": []
  },
  "09-04": {
    "global": [],
    "iranian": []
  },
  "09-05": {
    "global": [],
    "iranian": []
  },
  "09-06": {
    "global": [],
    "iranian": []
  },
  "09-07": {
    "global": [],
    "iranian": []
  },
  "09-08": {
    "global": [],
    "iranian": []
  },
  "09-09": {
    "global": [],
    "iranian": []
  },
  "09-10": {
    "global": [],
    "iranian": []
  },
  "09-11": {
    "global": [],
    "iranian": []
  },
  "09-12": {
    "global": [],
    "iranian": []
  },
  "09-13": {
    "global": [],
    "iranian": []
  },
  "09-14": {
    "global": [],
    "iranian": []
  },
  "09-15": {
    "global": [],
    "iranian": []
  },
  "09-16": {
    "global": [],
    "iranian": []
  },
  "09-17": {
    "global": [],
    "iranian": []
  },
  "09-18": {
    "global": [],
    "iranian": []
  },
  "09-19": {
    "global": [],
    "iranian": []
  },
  "09-20": {
    "global": [],
    "iranian": []
  },
  "09-21": {
    "global": [],
    "iranian": []
  },
  "09-22": {
    "global": [],
    "iranian": []
  },
  "09-23": {
    "global": [],
    "iranian": []
  },
  "09-24": {
    "global": [],
    "iranian": []
  },
  "09-25": {
    "global": [],
    "iranian": []
  },
  "09-26": {
    "global": [],
    "iranian": []
  },
  "09-27": {
    "global": [],
    "iranian": []
  },
  "09-28": {
    "global": [],
    "iranian": []
  },
  "09-29": {
    "global": [],
    "iranian": []
  },
  "09-30": {
    "global": [],
    "iranian": []
  },
  "10-01": {
    "global": [
      {
        "name": "Julie Andrews",
        "link": "https://en.wikipedia.org/wiki/Julie_Andrews"
      },
      {
        "name": "Jimmy Carter",
        "link": "https://en.wikipedia.org/wiki/Jimmy_Carter"
      }
    ],
    "iranian": [
      {
        "name": "مهدی اخوان ثالث",
        "link": "https://fa.wikipedia.org/wiki/مهدی_اخوان_ثالث"
      }
    ]
  },
  "10-02": {
    "global": [],
    "iranian": []
  },
  "10-03": {
    "global": [],
    "iranian": []
  },
  "10-04": {
    "global": [],
    "iranian": []
  },
  "10-05": {
    "global": [],
    "iranian": []
  },
  "10-06": {
    "global": [],
    "iranian": []
  },
  "10-07": {
    "global": [],
    "iranian": []
  },
  "10-08": {
    "global": [],
    "iranian": []
  },
  "10-09": {
    "global": [],
    "iranian": []
  },
  "10-10": {
    "global": [],
    "iranian": []
  },
  "10-11": {
    "global": [],
    "iranian": []
  },
  "10-12": {
    "global": [],
    "iranian": []
  },
  "10-13": {
    "global": [],
    "iranian": []
  },
  "10-14": {
    "global": [],
    "iranian": []
  },
  "10-15": {
    "global": [],
    "iranian": []
  },
  "10-16": {
    "global": [],
    "iranian": []
  },
  "10-17": {
    "global": [],
    "iranian": []
  },
  "10-18": {
    "global": [],
    "iranian": []
  },
  "10-19": {
    "global": [],
    "iranian": []
  },
  "10-20": {
    "global": [],
    "iranian": []
  },
  "10-21": {
    "global": [],
    "iranian": []
  },
  "10-22": {
    "global": [],
    "iranian": []
  },
  "10-23": {
    "global": [],
    "iranian": []
  },
  "10-24": {
    "global": [],
    "iranian": []
  },
  "10-25": {
    "global": [],
    "iranian": []
  },
  "10-26": {
    "global": [],
    "iranian": []
  },
  "10-27": {
    "global": [],
    "iranian": []
  },
  "10-28": {
    "global": [],
    "iranian": []
  },
  "10-29": {
    "global": [],
    "iranian": []
  },
  "10-30": {
    "global": [],
    "iranian": []
  },
  "10-31": {
    "global": [],
    "iranian": []
  },
  "11-01": {
    "global": [],
    "iranian": []
  },
  "11-02": {
    "global": [],
    "iranian": []
  },
  "11-03": {
    "global": [],
    "iranian": []
  },
  "11-04": {
    "global": [],
    "iranian": []
  },
  "11-05": {
    "global": [],
    "iranian": []
  },
  "11-06": {
    "global": [],
    "iranian": []
  },
  "11-07": {
    "global": [],
    "iranian": []
  },
  "11-08": {
    "global": [],
    "iranian": []
  },
  "11-09": {
    "global": [],
    "iranian": []
  },
  "11-10": {
    "global": [],
    "iranian": []
  },
  "11-11": {
    "global": [],
    "iranian": []
  },
  "11-12": {
    "global": [],
    "iranian": []
  },
  "11-13": {
    "global": [],
    "iranian": []
  },
  "11-14": {
    "global": [],
    "iranian": []
  },
  "11-15": {
    "global": [],
    "iranian": []
  },
  "11-16": {
    "global": [],
    "iranian": []
  },
  "11-17": {
    "global": [],
    "iranian": []
  },
  "11-18": {
    "global": [],
    "iranian": []
  },
  "11-19": {
    "global": [],
    "iranian": []
  },
  "11-20": {
    "global": [],
    "iranian": []
  },
  "11-21": {
    "global": [],
    "iranian": []
  },
  "11-22": {
    "global": [],
    "iranian": []
  },
  "11-23": {
    "global": [],
    "iranian": []
  },
  "11-24": {
    "global": [],
    "iranian": []
  },
  "11-25": {
    "global": [],
    "iranian": []
  },
  "11-26": {
    "global": [],
    "iranian": []
  },
  "11-27": {
    "global": [],
    "iranian": []
  },
  "11-28": {
    "global": [],
    "iranian": []
  },
  "11-29": {
    "global": [],
    "iranian": []
  },
  "11-30": {
    "global": [],
    "iranian": []
  },
  "12-01": {
    "global": [],
    "iranian": []
  },
  "12-02": {
    "global": [],
    "iranian": []
  },
  "12-03": {
    "global": [],
    "iranian": []
  },
  "12-04": {
    "global": [],
    "iranian": []
  },
  "12-05": {
    "global": [],
    "iranian": []
  },
  "12-06": {
    "global": [],
    "iranian": []
  },
  "12-07": {
    "global": [],
    "iranian": []
  },
  "12-08": {
    "global": [],
    "iranian": []
  },
  "12-09": {
    "global": [],
    "iranian": []
  },
  "12-10": {
    "global": [],
    "iranian": []
  },
  "12-11": {
    "global": [],
    "iranian": []
  },
  "12-12": {
    "global": [],
    "iranian": []
  },
  "12-13": {
    "global": [],
    "iranian": []
  },
  "12-14": {
    "global": [],
    "iranian": []
  },
  "12-15": {
    "global": [],
    "iranian": []
  },
  "12-16": {
    "global": [],
    "iranian": []
  },
  "12-17": {
    "global": [],
    "iranian": []
  },
  "12-18": {
    "global": [],
    "iranian": []
  },
  "12-19": {
    "global": [],
    "iranian": []
  },
  "12-20": {
    "global": [],
    "iranian": []
  },
  "12-21": {
    "global": [],
    "iranian": []
  },
  "12-22": {
    "global": [],
    "iranian": []
  },
  "12-23": {
    "global": [],
    "iranian": []
  },
  "12-24": {
    "global": [],
    "iranian": []
  },
  "12-25": {
    "global": [],
    "iranian": []
  },
  "12-26": {
    "global": [],
    "iranian": []
  },
  "12-27": {
    "global": [],
    "iranian": []
  },
  "12-28": {
    "global": [],
    "iranian": []
  },
  "12-29": {
    "global": [],
    "iranian": []
  },
  "12-30": {
    "global": [],
    "iranian": []
  },
  "12-31": {
    "global": [],
    "iranian": []
  }
}